Filename,Predicted_AOD
test_1.tif,0.06230134386093523
test_10.tif,0.4315915360761128
test_100.tif,0.07726799317317723
test_1000.tif,0.05826410859572118
test_1001.tif,0.04481275024969948
test_1002.tif,0.2873154266983375
test_1003.tif,0.36054184696621727
test_1004.tif,0.4124990883444594
test_1005.tif,0.07727197627776329
test_1006.tif,0.0858752045342038
test_1007.tif,0.09700999292645175
test_1008.tif,0.04193265572132507
test_1009.tif,0.18697214994802816
test_101.tif,0.5270892983885862
test_1010.tif,0.47292204329978427
test_1011.tif,0.6782406153063738
test_1012.tif,0.3489937944491604
test_1013.tif,0.27670671789036894
test_1014.tif,0.04740891227654968
test_1015.tif,0.4065291420113296
test_1016.tif,0.18021760284227045
test_1017.tif,0.1244511697041491
test_1018.tif,0.3815551268882286
test_1019.tif,0.0873998693197182
test_102.tif,0.1940902760874213
test_1020.tif,0.08007187800599604
test_1021.tif,0.08183762558818093
test_1022.tif,0.06746782421922341
test_1023.tif,1.0160635196669847
test_1024.tif,0.08195697985553345
test_1025.tif,0.0406346229300612
test_1026.tif,0.18182998213578072
test_1027.tif,0.11268968895966426
test_1028.tif,0.19372739360764585
test_1029.tif,0.21315990261488332
test_103.tif,0.47617872851887677
test_1030.tif,0.20282023070366428
test_1031.tif,0.23134674555678447
test_1032.tif,0.09675939332527972
test_1033.tif,0.11869797552489623
test_1034.tif,0.037911084934017604
test_1035.tif,0.06533959864276011
test_1036.tif,0.11013854669871367
test_1037.tif,0.15441809133739914
test_1038.tif,0.06413254125937333
test_1039.tif,0.18487022389031105
test_104.tif,0.140987096096449
test_1040.tif,0.11633487348360083
test_1041.tif,0.14086035467712155
test_1042.tif,0.17302069781036003
test_1043.tif,0.1479867898182187
test_1044.tif,0.08600314268019754
test_1045.tif,0.07268573642902598
test_1046.tif,0.7455145369746417
test_1047.tif,0.37272024088184247
test_1048.tif,0.0958208167159438
test_1049.tif,0.12466973355432888
test_105.tif,0.07647131322137067
test_1050.tif,0.09645273179214178
test_1051.tif,0.06469883300171185
test_1052.tif,0.14092409432436293
test_1053.tif,0.06917517756270271
test_1054.tif,0.2302556494932768
test_1055.tif,0.12298875271002985
test_1056.tif,0.09565897797044012
test_1057.tif,0.07016524544651834
test_1058.tif,0.13971175757465346
test_1059.tif,0.47616990639198187
test_106.tif,0.06377600095166558
test_1060.tif,0.19819783826369922
test_1061.tif,0.06299823471012832
test_1062.tif,0.09547136087017838
test_1063.tif,0.09695857278343956
test_1064.tif,1.2642960805505177
test_1065.tif,0.08266687072949319
test_1066.tif,0.11336626902173594
test_1067.tif,0.09205913265113992
test_1068.tif,0.5564305491333049
test_1069.tif,0.07452936415501987
test_107.tif,0.06385494119714408
test_1070.tif,0.04618154952196126
test_1071.tif,0.11234703463642018
test_1072.tif,0.09324774122302662
test_1073.tif,0.1766675113645257
test_1074.tif,0.3468807315372157
test_1075.tif,0.10967217559016262
test_1076.tif,0.04191573651075185
test_1077.tif,0.033692992072041475
test_1078.tif,0.26845433964598486
test_1079.tif,0.10466858411710388
test_108.tif,0.9392399258202773
test_1080.tif,0.13816596109592
test_1081.tif,0.5644484973082614
test_1082.tif,0.09851094809448709
test_1083.tif,0.13412228183460603
test_1084.tif,0.13993885963769903
test_1085.tif,0.10389811110644052
test_1086.tif,0.09516838036651354
test_1087.tif,0.07210325040246472
test_1088.tif,0.13111008027644844
test_1089.tif,0.08293343668896695
test_109.tif,0.7606833403202387
test_1090.tif,0.22900268620467998
test_1091.tif,0.5853609850946375
test_1092.tif,0.10137576448508964
test_1093.tif,0.279866714326586
test_1094.tif,0.205636668720181
test_1095.tif,0.04623877062226283
test_1096.tif,0.30061876053356285
test_1097.tif,0.13475085436706824
test_1098.tif,1.0662383200868548
test_1099.tif,0.06660205636759746
test_11.tif,0.17664704722720193
test_110.tif,0.09953900123333707
test_1100.tif,0.34639539021563776
test_1101.tif,0.30291592872204454
test_1102.tif,0.048037367590907654
test_1103.tif,0.19382024010164203
test_1104.tif,0.35818564569829897
test_1105.tif,0.22035760211335512
test_1106.tif,0.3374264401691689
test_1107.tif,0.037187016024673274
test_1108.tif,0.06535714991441806
test_1109.tif,0.0950835923599982
test_111.tif,0.10055070162330687
test_1110.tif,0.18711559927367366
test_1111.tif,0.06958618549674944
test_1112.tif,0.11807093701466596
test_1113.tif,0.0412901082585007
test_1114.tif,0.0461239489366977
test_1115.tif,0.0806511325451521
test_1116.tif,0.0999961476467731
test_1117.tif,0.18044892521932315
test_1118.tif,0.19439854664180584
test_1119.tif,0.13950432223798104
test_112.tif,0.34562770991884584
test_1120.tif,0.19906757778336143
test_1121.tif,0.013822286921300091
test_1122.tif,0.07844593311197653
test_1123.tif,0.0352278708113113
test_1124.tif,0.129796643952909
test_1125.tif,0.3161259227419587
test_1126.tif,0.11349484813566119
test_1127.tif,0.4952334421027367
test_1128.tif,0.032996587552448886
test_1129.tif,0.07707289557596901
test_113.tif,0.224168437293593
test_1130.tif,0.1495899795710296
test_1131.tif,0.028326807714963376
test_1132.tif,0.03549956544963865
test_1133.tif,0.346258891811303
test_1134.tif,0.12807131588871948
test_1135.tif,0.2812519696784317
test_1136.tif,0.32749657962939605
test_1137.tif,0.7791561006358851
test_1138.tif,0.14038935705245786
test_1139.tif,0.07810595362754555
test_114.tif,0.04379974904547442
test_1140.tif,0.09088686075803201
test_1141.tif,0.23870765093400065
test_1142.tif,0.06293396910751463
test_1143.tif,0.149519614708696
test_1144.tif,0.13791506510067109
test_1145.tif,0.6602327026464692
test_1146.tif,0.04841321401889263
test_1147.tif,0.3603935838138276
test_1148.tif,0.026671753815320377
test_1149.tif,0.061526981524276096
test_115.tif,0.35203287446508835
test_1150.tif,0.6324748986535244
test_1151.tif,0.22070267910751104
test_1152.tif,0.35436567822929377
test_1153.tif,0.31943432726400073
test_1154.tif,0.09021492596492547
test_1155.tif,0.058443838685911784
test_1156.tif,0.06159015223384231
test_1157.tif,0.18092188316494773
test_1158.tif,0.05932587487369128
test_1159.tif,0.15854523023447295
test_116.tif,1.0541523198623386
test_1160.tif,0.06083690050726067
test_1161.tif,0.1766889561035407
test_1162.tif,0.08512199267032897
test_1163.tif,0.5281544027701504
test_1164.tif,0.0683959805184001
test_1165.tif,0.12033369643230571
test_1166.tif,0.09861378626853053
test_1167.tif,0.1580292009715642
test_1168.tif,0.18167152690196178
test_1169.tif,0.04180500091863499
test_117.tif,0.05909530253545915
test_1170.tif,1.1899083772503172
test_1171.tif,0.4797505261255654
test_1172.tif,0.10415106313203379
test_1173.tif,0.21077782455460836
test_1174.tif,0.04435093503263994
test_1175.tif,0.28060763523203824
test_1176.tif,0.5538071699120846
test_1177.tif,0.20430380735981024
test_1178.tif,0.163206519178553
test_1179.tif,0.059617791569872854
test_118.tif,0.04498646813757293
test_1180.tif,0.4981423315349521
test_1181.tif,0.10111714548053184
test_1182.tif,0.1774667474306301
test_1183.tif,0.13512181774225
test_1184.tif,0.19626993834203005
test_1185.tif,0.0981508809512943
test_1186.tif,0.08315700388418631
test_1187.tif,0.05916159121316465
test_1188.tif,0.7294644756587778
test_1189.tif,0.05221854505401617
test_119.tif,0.06987908162154094
test_1190.tif,0.25214539348990533
test_1191.tif,0.3644898800678537
test_1192.tif,0.06965728615820457
test_1193.tif,0.15949761832769613
test_1194.tif,0.3375837959964332
test_1195.tif,0.05745159246908389
test_1196.tif,0.33366182916632114
test_1197.tif,0.03222629278151101
test_1198.tif,0.3014380626691917
test_1199.tif,0.17869099278215284
test_12.tif,0.09949650214610647
test_120.tif,0.3885278595774758
test_1200.tif,0.4595610857588013
test_1201.tif,0.26133418778667394
test_1202.tif,0.13528986821632255
test_1203.tif,0.8336489772188131
test_1204.tif,0.08045833776398695
test_1205.tif,0.10113542017655816
test_1206.tif,0.1877064417975808
test_1207.tif,0.07752127513942032
test_1208.tif,0.1668416417716203
test_1209.tif,0.15341694357025054
test_121.tif,0.12247806828463922
test_1210.tif,0.013998783743211935
test_1211.tif,0.1567399479758297
test_1212.tif,0.049359868387768936
test_1213.tif,0.163379858351075
test_1214.tif,0.6086834366652202
test_1215.tif,0.12794794206289878
test_1216.tif,0.10206337126050041
test_1217.tif,0.24819685225222768
test_1218.tif,0.23989450521009734
test_1219.tif,0.05105003037553689
test_122.tif,0.16453698288879975
test_1220.tif,0.18224907034851628
test_1221.tif,0.0365987332408702
test_1222.tif,0.5192924280994665
test_1223.tif,0.06154367879326521
test_1224.tif,0.8794571331606624
test_1225.tif,0.1994518730401683
test_1226.tif,0.06552665509999316
test_1227.tif,0.3135155052761206
test_1228.tif,0.1803851736153105
test_1229.tif,0.16722842176086194
test_123.tif,0.11905443903572377
test_1230.tif,0.12619445717599667
test_1231.tif,0.3198852880339128
test_1232.tif,0.2774022023436307
test_1233.tif,0.12286171549815372
test_1234.tif,0.09070240735775784
test_1235.tif,0.08891264558741234
test_1236.tif,0.07784356929331465
test_1237.tif,0.09087464830179429
test_1238.tif,0.13064630174211983
test_1239.tif,0.13987758783714183
test_124.tif,0.07651544388894393
test_1240.tif,0.29741967038029177
test_1241.tif,0.09898528251278206
test_1242.tif,0.12144943735601513
test_1243.tif,0.3776473436365261
test_1244.tif,0.11233890459889855
test_1245.tif,0.3680721236268843
test_1246.tif,0.33507580609859644
test_1247.tif,0.1430701473519516
test_1248.tif,0.09681007280700137
test_1249.tif,0.12491702481779075
test_125.tif,0.11830722768674061
test_1250.tif,0.19012769901586535
test_1251.tif,0.1286113323784087
test_1252.tif,0.22077156254342445
test_1253.tif,0.1566284538770397
test_1254.tif,0.13017277251349735
test_1255.tif,0.40448852053164625
test_1256.tif,0.0465012860523563
test_1257.tif,0.15851995109605196
test_1258.tif,0.12168338438178818
test_1259.tif,0.0893676916465874
test_126.tif,0.15505028836586693
test_1260.tif,0.05285139772523735
test_1261.tif,0.109043897826968
test_1262.tif,0.10111542882756341
test_1263.tif,0.32042898827665
test_1264.tif,1.7958399086311039
test_1265.tif,0.03800139588884299
test_1266.tif,0.07691992330568584
test_1267.tif,0.07539100649731824
test_1268.tif,0.38578973622391477
test_1269.tif,0.35373999824889896
test_127.tif,0.26670428428792936
test_1270.tif,0.0853158322096173
test_1271.tif,0.1369179783877824
test_1272.tif,0.23496450954788053
test_1273.tif,0.11878941912830278
test_1274.tif,0.09178334451831445
test_1275.tif,0.28948011247199085
test_1276.tif,0.2574147814844099
test_1277.tif,0.3464283169877221
test_1278.tif,0.08465328118956704
test_1279.tif,0.06787765483102672
test_128.tif,0.0749969720092076
test_1280.tif,0.18202308208341803
test_1281.tif,0.7507290514683288
test_1282.tif,0.12204733883545472
test_1283.tif,0.20643722398284267
test_1284.tif,0.08066235101192887
test_1285.tif,0.4769779614055934
test_1286.tif,0.054409520769941835
test_1287.tif,0.1328312483212972
test_1288.tif,0.2313467159668243
test_1289.tif,0.06744112014879931
test_129.tif,0.11064013419428834
test_1290.tif,0.08615648328583955
test_1291.tif,0.07425060831584243
test_1292.tif,0.14520814683603922
test_1293.tif,0.20292881155114809
test_1294.tif,0.4955708239356776
test_1295.tif,0.29031294432446836
test_1296.tif,0.21026949315603333
test_1297.tif,0.10829151856138063
test_1298.tif,0.10600995666720983
test_1299.tif,0.07342201042343563
test_13.tif,0.16689061581915113
test_130.tif,0.10750617947974654
test_1300.tif,0.496160637082256
test_1301.tif,0.2533922915725898
test_1302.tif,0.21763539517799643
test_1303.tif,0.14347224266753233
test_1304.tif,0.09311622922292306
test_1305.tif,0.1791874775845038
test_1306.tif,0.2725494301023666
test_1307.tif,0.09430796599965359
test_1308.tif,0.35759970276507064
test_1309.tif,0.04748763503720453
test_131.tif,0.09418019138807085
test_1310.tif,0.08986749784479146
test_1311.tif,0.04997838561699742
test_1312.tif,0.24565278569824228
test_1313.tif,0.05574340588204627
test_1314.tif,0.07040532409376461
test_1315.tif,0.1303228721598356
test_1316.tif,0.09298581623273104
test_1317.tif,0.10274264781375608
test_1318.tif,0.19305532396292371
test_1319.tif,0.12526810042989167
test_132.tif,0.7332717485622815
test_1320.tif,0.29672038764784675
test_1321.tif,0.08565317659463657
test_1322.tif,0.11172478739551506
test_1323.tif,0.1763490528243906
test_1324.tif,0.9255077494657344
test_1325.tif,0.14041628756862579
test_1326.tif,0.17752158186636074
test_1327.tif,0.43004298967049837
test_1328.tif,0.07253148691938663
test_1329.tif,0.42190069100333627
test_133.tif,0.07281947009697452
test_1330.tif,0.21793140313347237
test_1331.tif,0.10042110324153565
test_1332.tif,0.08101957179737669
test_1333.tif,0.175598252412021
test_1334.tif,0.3027504911404452
test_1335.tif,0.23498768434256426
test_1336.tif,0.1603549630121779
test_1337.tif,1.311712695052785
test_1338.tif,0.40833958332332876
test_1339.tif,0.08155436265105474
test_134.tif,0.09126214263481804
test_1340.tif,0.18712237118427158
test_1341.tif,0.27878225369983756
test_1342.tif,0.11079395826594819
test_1343.tif,0.032289267120127675
test_1344.tif,0.7059593557912236
test_1345.tif,0.10505648048990655
test_1346.tif,0.11269784356981764
test_1347.tif,0.7435769138173487
test_1348.tif,0.4682862418484389
test_1349.tif,0.08052924709896336
test_135.tif,0.06527352969224952
test_1350.tif,0.05636508661257939
test_1351.tif,0.01613805599593924
test_1352.tif,0.07765515877082296
test_1353.tif,0.09272135335653058
test_1354.tif,0.07817323023404717
test_1355.tif,0.38151782999501
test_1356.tif,0.34086321259314906
test_1357.tif,0.4800681534170268
test_1358.tif,0.19842406164029017
test_1359.tif,0.18133867599305117
test_136.tif,0.08022103312440935
test_1360.tif,0.14999588489839155
test_1361.tif,0.15071659820584643
test_1362.tif,0.07536664801356027
test_1363.tif,0.09324416467005314
test_1364.tif,0.04179928462702408
test_1365.tif,0.11338928531126838
test_1366.tif,0.10225501367897513
test_1367.tif,0.16448553692278664
test_1368.tif,0.12816028123550827
test_1369.tif,0.06350808971070387
test_137.tif,0.13714155501804512
test_1370.tif,0.029436073879532176
test_1371.tif,0.2869236846867812
test_1372.tif,0.07107428172155322
test_1373.tif,0.21410232625000977
test_1374.tif,0.1807211514928436
test_1375.tif,0.06655428051700024
test_1376.tif,0.07467949879372321
test_1377.tif,0.4594504030871404
test_1378.tif,0.14112855734426039
test_1379.tif,0.08912233255760864
test_138.tif,0.1548299929512228
test_1380.tif,0.0378514219464659
test_1381.tif,0.1531362864710382
test_1382.tif,0.12945980371339105
test_1383.tif,0.06965886928580887
test_1384.tif,0.1116574636961742
test_1385.tif,0.2683694246155613
test_1386.tif,0.02989040661914551
test_1387.tif,0.34247492302616056
test_1388.tif,1.0386219900868772
test_1389.tif,0.06283610566197627
test_139.tif,0.12156664584827924
test_1390.tif,0.08523647380740941
test_1391.tif,0.19088983229788367
test_1392.tif,0.07221005903064182
test_1393.tif,0.10072640944621533
test_1394.tif,0.17182326597923728
test_1395.tif,0.201877550868967
test_1396.tif,0.20908745559344655
test_1397.tif,0.9693272335410469
test_1398.tif,0.29581930632870285
test_1399.tif,0.04893996458211401
test_14.tif,0.16038145167096232
test_140.tif,0.09624489107858848
test_1400.tif,0.2243358107284187
test_1401.tif,0.14112427117990806
test_1402.tif,0.14112659897650898
test_1403.tif,0.06255636514262645
test_1404.tif,0.47375987181999285
test_1405.tif,0.06999825875224275
test_1406.tif,0.04524965312367776
test_1407.tif,0.1002112353116835
test_1408.tif,0.3550878980926484
test_1409.tif,0.05126815254926159
test_141.tif,0.959318570890746
test_1410.tif,0.15040284254112932
test_1411.tif,0.7012384887473279
test_1412.tif,0.08807293408146755
test_1413.tif,0.08696015492450218
test_1414.tif,0.09798216061483336
test_1415.tif,0.46406712743459916
test_1416.tif,0.5537666717282292
test_1417.tif,0.38836689304312505
test_1418.tif,0.16035381125082412
test_1419.tif,0.0431133845833975
test_142.tif,0.1854567095518318
test_1420.tif,0.16441772657830564
test_1421.tif,0.12809824719120805
test_1422.tif,0.060877448444635204
test_1423.tif,0.30290384570199436
test_1424.tif,0.5386207024236626
test_1425.tif,0.056821626477906124
test_1426.tif,0.08755947355063576
test_1427.tif,0.1466762205407482
test_1428.tif,0.0875933887573711
test_1429.tif,0.08555910325036817
test_143.tif,0.7535219860594504
test_1430.tif,0.06652170838534976
test_1431.tif,0.04417242033761352
test_1432.tif,0.07333544119676579
test_1433.tif,0.1356798472353674
test_1434.tif,0.29974944900666445
test_1435.tif,0.07878489559558151
test_1436.tif,0.1392252168821137
test_1437.tif,0.2009276790701466
test_1438.tif,0.18027417633816417
test_1439.tif,0.25483468455919733
test_144.tif,0.2019964296066486
test_1440.tif,0.1690204299837366
test_1441.tif,0.10493495472964914
test_1442.tif,0.16398528955538602
test_1443.tif,0.15384971661281424
test_1444.tif,0.05301249140711796
test_1445.tif,0.04661904396367007
test_1446.tif,0.050756983584091975
test_1447.tif,0.19932783510604243
test_1448.tif,0.07682636472229162
test_1449.tif,0.39027345308525163
test_145.tif,0.21952435858773536
test_1450.tif,0.337974765827446
test_1451.tif,0.26676934754914217
test_1452.tif,0.21761237918105214
test_1453.tif,0.39135594150445385
test_1454.tif,0.9790677629851103
test_1455.tif,0.8086480919657308
test_1456.tif,0.1596932713169362
test_1457.tif,0.06950218705180834
test_1458.tif,0.06809373345944852
test_1459.tif,0.14917227938759478
test_146.tif,0.14392256285284877
test_1460.tif,0.23199134287534337
test_1461.tif,0.25893045923079
test_1462.tif,0.201100586481625
test_1463.tif,0.48380997406563686
test_1464.tif,0.4296077826069225
test_1465.tif,0.233841095262367
test_1466.tif,0.24994664187074478
test_1467.tif,0.1910477390291199
test_1468.tif,0.28391226694980004
test_1469.tif,0.20349398638067479
test_147.tif,0.14183957129361788
test_1470.tif,0.17864780276415282
test_1471.tif,1.6014787428276944
test_1472.tif,0.22380241396291026
test_1473.tif,0.09209011917885
test_1474.tif,0.28968487439403384
test_1475.tif,0.10230043497553862
test_1476.tif,0.11060530438684563
test_1477.tif,0.1875089877657133
test_1478.tif,0.10884155542135951
test_1479.tif,0.09994618641164701
test_148.tif,0.038959500588881577
test_1480.tif,0.06481792538989138
test_1481.tif,0.09303262241800232
test_1482.tif,0.03137003392791664
test_1483.tif,0.16085605667371927
test_1484.tif,0.06820620416491474
test_1485.tif,0.06545610811414515
test_1486.tif,0.28090524767322433
test_1487.tif,0.07561735867457238
test_1488.tif,0.06424142202499086
test_1489.tif,0.05350338836096433
test_149.tif,0.08474403103239649
test_15.tif,0.04293165697928318
test_150.tif,0.1534195873545353
test_151.tif,0.3087225028630624
test_152.tif,0.1516535455630177
test_153.tif,0.08019754134761191
test_154.tif,0.12853777259218133
test_155.tif,0.06297402857774104
test_156.tif,0.11500427836298363
test_157.tif,0.12203477161718777
test_158.tif,0.03935006518786919
test_159.tif,0.10220433636977218
test_16.tif,0.0635488438612227
test_160.tif,0.19800662167491137
test_161.tif,0.165359304284601
test_162.tif,0.30861761098425244
test_163.tif,0.041536345396408235
test_164.tif,0.047183384185151764
test_165.tif,0.0719915757844198
test_166.tif,0.48191757329595264
test_167.tif,0.08859016974164972
test_168.tif,0.0924185925534496
test_169.tif,0.08075786671942543
test_17.tif,0.26517548124520296
test_170.tif,0.35394544324240357
test_171.tif,0.5056839349875555
test_172.tif,0.2722438625415404
test_173.tif,0.059719913800776285
test_174.tif,0.06688304722696785
test_175.tif,0.5418546194447824
test_176.tif,0.16090431287080226
test_177.tif,0.039523734936569445
test_178.tif,0.05618634447625682
test_179.tif,0.08634071449331752
test_18.tif,0.13094440517435954
test_180.tif,0.15694995898846334
test_181.tif,0.33783872550932503
test_182.tif,0.015112578915561902
test_183.tif,0.129098968624385
test_184.tif,0.09374804292072832
test_185.tif,0.08609079326729795
test_186.tif,0.09332141369106946
test_187.tif,0.045273294258972065
test_188.tif,0.11831518571068825
test_189.tif,0.19185765199443522
test_19.tif,0.12400392799807466
test_190.tif,0.5919391920445647
test_191.tif,0.29370630585572227
test_192.tif,0.06043299375397812
test_193.tif,0.07610470104969105
test_194.tif,0.1053870282848301
test_195.tif,0.32019524807206867
test_196.tif,0.16211668274095192
test_197.tif,0.3693093460706547
test_198.tif,0.2093757368853551
test_199.tif,0.13553039883899343
test_2.tif,0.17302856151947174
test_20.tif,0.12586548954221768
test_200.tif,0.14599960606456192
test_201.tif,0.4250710329729215
test_202.tif,0.10581062881789945
test_203.tif,0.321117361970359
test_204.tif,0.2371713370037588
test_205.tif,0.05517717147297275
test_206.tif,0.13893238664559687
test_207.tif,0.07395811946908051
test_208.tif,0.27413878172606954
test_209.tif,0.10063016288924317
test_21.tif,0.28509923789112507
test_210.tif,0.25931177422771445
test_211.tif,0.10824803800463109
test_212.tif,0.04759709558277998
test_213.tif,0.06340784260561723
test_214.tif,0.08670152810487247
test_215.tif,0.11150835970370977
test_216.tif,0.3117424681232088
test_217.tif,0.16320193934141228
test_218.tif,0.35655162708313726
test_219.tif,0.05294565952149568
test_22.tif,1.3932906488970092
test_220.tif,0.10711925025241706
test_221.tif,0.16094527046466034
test_222.tif,0.07950954224616542
test_223.tif,0.22653037975349494
test_224.tif,0.09932172488559947
test_225.tif,0.9212135439860738
test_226.tif,0.10016675813037638
test_227.tif,0.24445603933492907
test_228.tif,0.16942240304177983
test_229.tif,0.15718878260389588
test_23.tif,0.6148598751388511
test_230.tif,1.0916545954895553
test_231.tif,0.05328717821044926
test_232.tif,0.07352407905093467
test_233.tif,0.18741952512992013
test_234.tif,0.2948969632865561
test_235.tif,0.06785701717702275
test_236.tif,0.25518592469298873
test_237.tif,0.14031242545632305
test_238.tif,0.07767481446095885
test_239.tif,0.030681180061581735
test_24.tif,0.4917806885398088
test_240.tif,0.10292073034111215
test_241.tif,0.47836369492162084
test_242.tif,0.3529238482506599
test_243.tif,0.0505718379554666
test_244.tif,0.18995418066796851
test_245.tif,0.7827734125069359
test_246.tif,0.12948961692668978
test_247.tif,1.1030384027505367
test_248.tif,0.13651402211146393
test_249.tif,0.1627563730082978
test_25.tif,0.09710457550922574
test_250.tif,0.2757829181149806
test_251.tif,0.13275539835335715
test_252.tif,0.3271330473010879
test_253.tif,0.1454950223387622
test_254.tif,0.13858490043706362
test_255.tif,0.1907746682068061
test_256.tif,0.07470740564332681
test_257.tif,0.15753913332695263
test_258.tif,0.7063366297884925
test_259.tif,0.29808543480271205
test_26.tif,0.054142375042091094
test_260.tif,0.3495411087159175
test_261.tif,0.01851612897119136
test_262.tif,0.1346992385445428
test_263.tif,0.5052428066234511
test_264.tif,0.11436223891343233
test_265.tif,0.07733679170901644
test_266.tif,0.14925474480289036
test_267.tif,0.3975107873077114
test_268.tif,0.15268714533392128
test_269.tif,0.22654824462684264
test_27.tif,0.106368182780372
test_270.tif,0.11603785106445813
test_271.tif,0.15174970034062593
test_272.tif,0.4636094605754122
test_273.tif,0.05234602609282368
test_274.tif,0.24466786952643957
test_275.tif,0.0795465216233896
test_276.tif,0.09601154131736485
test_277.tif,0.41880534118198215
test_278.tif,0.1336915203007289
test_279.tif,0.1101705503578511
test_28.tif,0.07234813081410998
test_280.tif,0.06432968038412408
test_281.tif,0.2679431915719328
test_282.tif,0.0696455125238763
test_283.tif,0.03469394396499216
test_284.tif,0.058604557213774264
test_285.tif,0.08165993726254113
test_286.tif,0.5529866738503606
test_287.tif,0.07255390518536001
test_288.tif,0.09638029855075289
test_289.tif,0.5351523928372508
test_29.tif,0.22219650170218716
test_290.tif,0.04378055045564191
test_291.tif,0.1307550208038501
test_292.tif,0.3591615272698605
test_293.tif,0.06723298890364973
test_294.tif,0.8442217353809803
test_295.tif,0.9508086630923465
test_296.tif,0.15476666681608042
test_297.tif,0.0569819736265266
test_298.tif,0.043851629759036635
test_299.tif,0.05766492974039678
test_3.tif,0.23853723648041913
test_30.tif,0.06780892698514376
test_300.tif,0.10798985187626711
test_301.tif,0.3686827863538006
test_302.tif,0.04464859658760974
test_303.tif,0.181734159524659
test_304.tif,0.45335038329884386
test_305.tif,0.37667459497965844
test_306.tif,0.16591343791096244
test_307.tif,0.13878533808957652
test_308.tif,0.12613607838741797
test_309.tif,0.12181435790424601
test_31.tif,0.09993477192892745
test_310.tif,0.2673655883256899
test_311.tif,0.12112293275062916
test_312.tif,0.09920593041067079
test_313.tif,0.07305133035698624
test_314.tif,0.09294685781297421
test_315.tif,0.03219616783597931
test_316.tif,0.26285665200983277
test_317.tif,0.053131002984078884
test_318.tif,0.24489308656325812
test_319.tif,0.059274227157348876
test_32.tif,0.11112518941743124
test_320.tif,0.5073672416023558
test_321.tif,0.7607493327421521
test_322.tif,0.8601292311231472
test_323.tif,0.3814844470856183
test_324.tif,0.03905102260514405
test_325.tif,0.10645534477409689
test_326.tif,0.07116874970554828
test_327.tif,0.4125635507394696
test_328.tif,0.15181690823415558
test_329.tif,0.12353064305589276
test_33.tif,0.03869918808091244
test_330.tif,0.1089596976808228
test_331.tif,0.18564044846875566
test_332.tif,0.22241563968262718
test_333.tif,0.06585629703304394
test_334.tif,0.45286143778992666
test_335.tif,0.09153992804689992
test_336.tif,0.07865701309783343
test_337.tif,0.06992467987743234
test_338.tif,0.1420086167586272
test_339.tif,0.1537974368286976
test_34.tif,0.13795297411905177
test_340.tif,0.05522015357069442
test_341.tif,0.3122294725824116
test_342.tif,0.7952914391295192
test_343.tif,0.09945201342862123
test_344.tif,0.1996339368566485
test_345.tif,0.29668682722184964
test_346.tif,0.0355543002784101
test_347.tif,0.9845314086595396
test_348.tif,0.04183810140971631
test_349.tif,0.15681263948149354
test_35.tif,0.0395706995113632
test_350.tif,0.1430166381749357
test_351.tif,0.44475531222691334
test_352.tif,0.11392392476721552
test_353.tif,0.7863948988852779
test_354.tif,0.1569447946542214
test_355.tif,0.40515607604134063
test_356.tif,0.11222846885749097
test_357.tif,0.10795770275003053
test_358.tif,0.10016338138159532
test_359.tif,0.056739975627861344
test_36.tif,0.027544115241737843
test_360.tif,0.12218828768308965
test_361.tif,0.03475120772351386
test_362.tif,0.4269051580792974
test_363.tif,0.2249785768125829
test_364.tif,0.2863443271645033
test_365.tif,0.07667014827771869
test_366.tif,0.057327735586006213
test_367.tif,0.14248001598406854
test_368.tif,0.19037343086506503
test_369.tif,0.18598979314531552
test_37.tif,0.08965626185316944
test_370.tif,0.047459486646474064
test_371.tif,0.08415286540214188
test_372.tif,0.07370595772046248
test_373.tif,0.027067895583409197
test_374.tif,0.16292407321771335
test_375.tif,0.08380155300496253
test_376.tif,0.20508695199790614
test_377.tif,0.3748116926762974
test_378.tif,0.24353920905809737
test_379.tif,0.06285836930759034
test_38.tif,0.09116808274603132
test_380.tif,0.29957031540405205
test_381.tif,0.08106284644628553
test_382.tif,0.06361326336125059
test_383.tif,0.04883934180735661
test_384.tif,0.07527529552451012
test_385.tif,0.13803074935677573
test_386.tif,0.05637696179876803
test_387.tif,0.42906742806664144
test_388.tif,0.11657701143400478
test_389.tif,0.0493839979314135
test_39.tif,0.03652647385951681
test_390.tif,0.12889945527899527
test_391.tif,0.40271272385181095
test_392.tif,0.2025822903718506
test_393.tif,0.2253223051956321
test_394.tif,0.05837086922751596
test_395.tif,0.28289972933753693
test_396.tif,0.05713880276939855
test_397.tif,0.13755809584778003
test_398.tif,0.1342588567257388
test_399.tif,0.06821428022048208
test_4.tif,0.09614706547587559
test_40.tif,0.01636717367491124
test_400.tif,0.10754722027795086
test_401.tif,0.7799110412874621
test_402.tif,0.4632734047190767
test_403.tif,0.03697806443454194
test_404.tif,0.1385529992932996
test_405.tif,0.06824963713747405
test_406.tif,0.2411128723097378
test_407.tif,0.873274452854471
test_408.tif,0.19578134749458517
test_409.tif,0.052066423223888575
test_41.tif,0.04575973112385875
test_410.tif,0.11043486531108818
test_411.tif,0.4989609030268396
test_412.tif,0.13475363769622944
test_413.tif,0.0798901776723382
test_414.tif,0.0919660537288848
test_415.tif,0.08386486317849823
test_416.tif,0.16079773830890962
test_417.tif,0.1187957405138253
test_418.tif,0.23232900788720232
test_419.tif,0.12403148833366864
test_42.tif,0.06646352978926212
test_420.tif,0.33702902558312475
test_421.tif,0.08519401861949061
test_422.tif,0.6823174158338124
test_423.tif,0.06709259501949566
test_424.tif,0.1333629502873752
test_425.tif,0.6135476658052559
test_426.tif,0.0860807301516442
test_427.tif,0.05179520975582982
test_428.tif,0.25648955536751883
test_429.tif,0.04121270325159686
test_43.tif,0.22385860248505166
test_430.tif,0.09250894815290082
test_431.tif,0.13761510966944115
test_432.tif,0.042215480724070165
test_433.tif,0.19390946555129535
test_434.tif,0.17327383060210885
test_435.tif,0.05710015982648801
test_436.tif,0.08478108815592393
test_437.tif,0.030340501466358707
test_438.tif,0.0706077591503634
test_439.tif,0.054585114625206134
test_44.tif,0.045494932629916676
test_440.tif,0.08953582866539882
test_441.tif,0.017665417036751285
test_442.tif,0.07861355205040471
test_443.tif,0.0733155564265712
test_444.tif,0.4217208703051133
test_445.tif,0.033392569997342594
test_446.tif,0.12240213998023441
test_447.tif,0.09962309123994309
test_448.tif,0.7026722333183153
test_449.tif,0.0728680049005217
test_45.tif,0.17262852163076153
test_450.tif,0.18144041653665624
test_451.tif,0.08512689732115492
test_452.tif,0.053690063024095305
test_453.tif,0.14058694950224626
test_454.tif,0.4900123374208501
test_455.tif,0.08542660355375925
test_456.tif,0.28218539724155045
test_457.tif,0.523889819363014
test_458.tif,0.0664473601149849
test_459.tif,0.1885700210377194
test_46.tif,0.08025632307958769
test_460.tif,0.16813084712452667
test_461.tif,0.0725829567778103
test_462.tif,0.10367194630654664
test_463.tif,0.12394258317721825
test_464.tif,0.06986005140403664
test_465.tif,0.2800388409276806
test_466.tif,0.09086663529774006
test_467.tif,0.08961764259514125
test_468.tif,0.058600061194997624
test_469.tif,0.14726812283138946
test_47.tif,0.12212171395927772
test_470.tif,0.17652072451756481
test_471.tif,0.7337162005859637
test_472.tif,1.1073609034008474
test_473.tif,0.046049799140436685
test_474.tif,0.27283361564374253
test_475.tif,0.0176945286358424
test_476.tif,0.07057445511160416
test_477.tif,0.04902067898375012
test_478.tif,0.11765612276948081
test_479.tif,0.08480857452633728
test_48.tif,0.14123344550401598
test_480.tif,0.13107518160109063
test_481.tif,0.06612313293019527
test_482.tif,0.0857582870015672
test_483.tif,0.05385726354110161
test_484.tif,0.12370590452475379
test_485.tif,0.37505037563430027
test_486.tif,0.1889798003805678
test_487.tif,0.2553986694189596
test_488.tif,0.0824032446689836
test_489.tif,0.06287804446850058
test_49.tif,0.08863608297454255
test_490.tif,0.3956248512729188
test_491.tif,0.16884266152498303
test_492.tif,0.09364234879806321
test_493.tif,0.1880621679596111
test_494.tif,0.09655711525962268
test_495.tif,0.08832632765252987
test_496.tif,0.062744052084531
test_497.tif,0.10807100376113588
test_498.tif,0.3305050531906442
test_499.tif,0.09677930841093117
test_5.tif,1.2767807825822046
test_50.tif,0.3310478456483904
test_500.tif,0.06240918762485078
test_501.tif,0.09471991785456049
test_502.tif,0.6553899895481573
test_503.tif,0.10955551728536247
test_504.tif,0.1348112989526565
test_505.tif,1.1613034512286822
test_506.tif,0.5916270929617427
test_507.tif,0.14956962395324747
test_508.tif,0.10424470397764488
test_509.tif,0.09693718346381702
test_51.tif,0.0490047843500791
test_510.tif,0.2781040163870985
test_511.tif,0.12627580886117176
test_512.tif,0.32541618242768117
test_513.tif,0.06385744872839581
test_514.tif,0.14477699268363442
test_515.tif,0.6309714745220797
test_516.tif,1.0873072698400206
test_517.tif,0.030064926253856268
test_518.tif,0.2785406129329385
test_519.tif,0.06657934894548208
test_52.tif,0.09733983245884094
test_520.tif,0.06378255704004335
test_521.tif,0.11596342846699781
test_522.tif,0.45293631593237493
test_523.tif,0.245602041771618
test_524.tif,0.09385490732332742
test_525.tif,0.25633110827849404
test_526.tif,0.09754717896908975
test_527.tif,0.14150988473597972
test_528.tif,0.15090896646953478
test_529.tif,0.09870965122891047
test_53.tif,0.06873338047665971
test_530.tif,0.0667797717926772
test_531.tif,0.12761736437716328
test_532.tif,0.16764219461202937
test_533.tif,0.10196901847485187
test_534.tif,0.2794865822365197
test_535.tif,0.05092152272934644
test_536.tif,0.08485416330355358
test_537.tif,1.1499509254856577
test_538.tif,0.34022710519620264
test_539.tif,0.05649992937548032
test_54.tif,0.21395592086428575
test_540.tif,0.04265579875645204
test_541.tif,0.13844093544741937
test_542.tif,0.10906785333684083
test_543.tif,0.1838008887064151
test_544.tif,0.11854681600111876
test_545.tif,0.056423104273479845
test_546.tif,0.07850626575651069
test_547.tif,0.11388659395959183
test_548.tif,0.09409393134958925
test_549.tif,0.06011237572331584
test_55.tif,0.07149036003724923
test_550.tif,0.2761334761063023
test_551.tif,0.09005605919288727
test_552.tif,0.1251112144611764
test_553.tif,0.06519236537592689
test_554.tif,0.177871267616493
test_555.tif,0.07959191403447005
test_556.tif,0.06139381821126466
test_557.tif,0.253473333688107
test_558.tif,0.09141700136760153
test_559.tif,0.26857453204888543
test_56.tif,0.039199755751605114
test_560.tif,0.17266531004342545
test_561.tif,0.11845671009729007
test_562.tif,0.21602891410062622
test_563.tif,0.7389256277814317
test_564.tif,0.3861562391382989
test_565.tif,0.05689035066285859
test_566.tif,0.2614211848617052
test_567.tif,0.1081814144383689
test_568.tif,0.07878488597634907
test_569.tif,0.2607072832448542
test_57.tif,0.848202487960272
test_570.tif,0.19355006887250548
test_571.tif,0.20144614362496482
test_572.tif,0.17362797348658332
test_573.tif,0.6055349041632695
test_574.tif,0.34113015444384875
test_575.tif,0.4468877261091668
test_576.tif,0.12558313639183713
test_577.tif,0.18181651784969657
test_578.tif,0.23282524294035933
test_579.tif,0.1336424243986698
test_58.tif,0.06773306281999791
test_580.tif,0.5147028407959505
test_581.tif,0.18637480888019464
test_582.tif,0.3405455047055451
test_583.tif,0.12957680743162509
test_584.tif,0.8946655471959737
test_585.tif,0.1613971766409058
test_586.tif,0.10138275209481386
test_587.tif,0.10251073510388388
test_588.tif,0.041599534274959216
test_589.tif,0.0663649528311924
test_59.tif,0.13799624023204413
test_590.tif,0.9139879374372539
test_591.tif,0.047393128237203125
test_592.tif,0.5553784540092097
test_593.tif,0.1936588308436011
test_594.tif,0.6861222128589144
test_595.tif,0.035215274864334865
test_596.tif,0.06161943112667843
test_597.tif,0.05424176981954932
test_598.tif,0.07262270575273078
test_599.tif,0.07318612368153035
test_6.tif,0.259442633353488
test_60.tif,0.13208149099915512
test_600.tif,0.15901552230337365
test_601.tif,0.09894009069007709
test_602.tif,0.301987866845341
test_603.tif,0.042374868936798434
test_604.tif,0.270639966740614
test_605.tif,0.4351709149934659
test_606.tif,0.1596500291287472
test_607.tif,0.0614997294149694
test_608.tif,0.1370401298924235
test_609.tif,0.12137998327464869
test_61.tif,0.07533412555464966
test_610.tif,0.06082647519022326
test_611.tif,0.19706422842049173
test_612.tif,0.2726256384927691
test_613.tif,0.1194732271432871
test_614.tif,0.45413050259674737
test_615.tif,0.09672543395757913
test_616.tif,0.047336943267538345
test_617.tif,0.593085666005057
test_618.tif,0.06748644135087764
test_619.tif,0.12832742007177012
test_62.tif,0.49347929279979996
test_620.tif,0.18581915154720205
test_621.tif,0.05368376571490776
test_622.tif,0.06282854221224243
test_623.tif,0.5169302019363575
test_624.tif,0.0959265423586252
test_625.tif,0.3883169606273461
test_626.tif,0.16456883197234157
test_627.tif,0.4533483861840651
test_628.tif,0.06357308284686496
test_629.tif,0.09262542930941602
test_63.tif,0.1261330618412867
test_630.tif,0.07644789985179444
test_631.tif,0.0808017909475608
test_632.tif,0.1409382120057176
test_633.tif,0.05862455774401672
test_634.tif,0.08451375374565781
test_635.tif,0.15413128134471693
test_636.tif,0.40415391608490303
test_637.tif,0.16107823377084501
test_638.tif,0.18562462973585137
test_639.tif,0.05081608809915107
test_64.tif,0.13174044583801736
test_640.tif,0.0853817999177552
test_641.tif,0.3145626071122919
test_642.tif,0.0850236268415343
test_643.tif,0.05641152300437141
test_644.tif,0.1278077283154662
test_645.tif,0.10809295241279546
test_646.tif,0.14001725300645956
test_647.tif,0.11871013766796673
test_648.tif,0.1974182195286589
test_649.tif,0.08123054741504258
test_65.tif,0.04371241815732561
test_650.tif,0.048322770568959256
test_651.tif,0.10841753652689472
test_652.tif,0.2197770141711443
test_653.tif,0.033551948727795496
test_654.tif,0.300175894557077
test_655.tif,0.06034685267335105
test_656.tif,0.28807656362919926
test_657.tif,0.14800239679102944
test_658.tif,0.09181365229932362
test_659.tif,0.07468419803120242
test_66.tif,0.26807938351278504
test_660.tif,0.07921069599221359
test_661.tif,0.15608160170027108
test_662.tif,0.07888908572581337
test_663.tif,0.10312417197496251
test_664.tif,0.09766745042481559
test_665.tif,0.043894550089408735
test_666.tif,0.26833802677738333
test_667.tif,0.1350333644862712
test_668.tif,0.25807647763932795
test_669.tif,0.08496395282352324
test_67.tif,0.12482796662914424
test_670.tif,0.06269375409091073
test_671.tif,0.07069741390028109
test_672.tif,0.04372725531020826
test_673.tif,0.1838002585731561
test_674.tif,0.17882534776988096
test_675.tif,0.07000957978293668
test_676.tif,0.07424939685838079
test_677.tif,0.9520576616765147
test_678.tif,0.21370728769193315
test_679.tif,0.35395503794770217
test_68.tif,0.1173438121994505
test_680.tif,0.142999699346776
test_681.tif,0.11228746281246582
test_682.tif,0.07819272451088963
test_683.tif,0.052046193259638
test_684.tif,0.47502849647227763
test_685.tif,0.20327682563415989
test_686.tif,0.07478492363180093
test_687.tif,0.2837455365193911
test_688.tif,0.8066333051235873
test_689.tif,0.7223729291999673
test_69.tif,0.22038134270731585
test_690.tif,0.31234529638865893
test_691.tif,0.07507749319992052
test_692.tif,0.14754481561346985
test_693.tif,0.03245775484383983
test_694.tif,0.0955028144205404
test_695.tif,0.32450912273783783
test_696.tif,0.15187995844368782
test_697.tif,0.4965323280972655
test_698.tif,0.18220534855927503
test_699.tif,0.15273214343809097
test_7.tif,0.10217936823820625
test_70.tif,0.04773281573582036
test_700.tif,0.0899020432373358
test_701.tif,0.28803606181593455
test_702.tif,0.05566743654841627
test_703.tif,0.737805958158125
test_704.tif,0.08828787150978087
test_705.tif,0.060824484295342714
test_706.tif,0.3558414649848451
test_707.tif,0.37313699491103813
test_708.tif,0.06634280272388238
test_709.tif,0.4041981505190325
test_71.tif,0.1306735537497291
test_710.tif,0.05907423633243876
test_711.tif,0.03326015867729438
test_712.tif,0.14181261004939255
test_713.tif,0.215857917681827
test_714.tif,0.10025921506190384
test_715.tif,0.052809359339446055
test_716.tif,0.07309720217261816
test_717.tif,0.3877230158604534
test_718.tif,0.1080046841109589
test_719.tif,0.08225249419145231
test_72.tif,0.11168284239626483
test_720.tif,0.5100142692832598
test_721.tif,0.5727816915826407
test_722.tif,0.5127629327604901
test_723.tif,0.13631420307923794
test_724.tif,0.05325311277024541
test_725.tif,0.12530383061742842
test_726.tif,0.15047784461453953
test_727.tif,0.326289885298123
test_728.tif,0.0846264619918222
test_729.tif,0.21052524018911672
test_73.tif,0.09981252192818153
test_730.tif,0.08544787563719851
test_731.tif,0.5180125806618074
test_732.tif,0.10054490095753564
test_733.tif,0.058385423899697725
test_734.tif,0.07967596211332102
test_735.tif,0.2243588665861039
test_736.tif,0.11696813960361532
test_737.tif,0.25054973486806803
test_738.tif,0.07409657057116396
test_739.tif,0.37565485670191895
test_74.tif,0.23584760459269227
test_740.tif,0.32139181291079627
test_741.tif,0.20070297946096002
test_742.tif,0.4538317483354736
test_743.tif,0.0789898684327288
test_744.tif,0.10967934878992085
test_745.tif,0.31956920321198584
test_746.tif,0.07839724575432654
test_747.tif,0.3914274824382168
test_748.tif,0.10411023319584023
test_749.tif,0.32289118443862264
test_75.tif,0.232940357211537
test_750.tif,0.47438109230219394
test_751.tif,0.07557628559472722
test_752.tif,0.17602445193683292
test_753.tif,0.2476344130020188
test_754.tif,0.43613849596581666
test_755.tif,0.524980266974453
test_756.tif,0.15564326957559477
test_757.tif,0.21745270845798978
test_758.tif,0.115429743470923
test_759.tif,0.5451312049201547
test_76.tif,0.04229382912886288
test_760.tif,0.09724147416927245
test_761.tif,0.36529767555628445
test_762.tif,0.17369815348930767
test_763.tif,0.03873031159620249
test_764.tif,0.08625101416987976
test_765.tif,0.19274763026316605
test_766.tif,0.22392412183942514
test_767.tif,0.07016925282742809
test_768.tif,0.03507397487448255
test_769.tif,0.11301081681399605
test_77.tif,0.03418450762674905
test_770.tif,0.09654287815181387
test_771.tif,0.3380077836565892
test_772.tif,0.13048459169904061
test_773.tif,0.18796688257474176
test_774.tif,0.14200803086960193
test_775.tif,0.1295584601296238
test_776.tif,0.29870755487959927
test_777.tif,0.04408543795507485
test_778.tif,0.06661290936027998
test_779.tif,0.04378888284546549
test_78.tif,0.05238431758478096
test_780.tif,0.04394329148739352
test_781.tif,0.06247079654787024
test_782.tif,0.8114664142173454
test_783.tif,0.4966716952723551
test_784.tif,0.16882313644180805
test_785.tif,0.4098047185944893
test_786.tif,0.19928278984520287
test_787.tif,0.2584811971901654
test_788.tif,0.11780252434780794
test_789.tif,0.1504980274741653
test_79.tif,0.2783793010830385
test_790.tif,0.129027136289518
test_791.tif,0.05155558883123907
test_792.tif,0.19712380866630383
test_793.tif,0.038926469597296426
test_794.tif,0.41446850839038263
test_795.tif,0.0576171241944839
test_796.tif,0.15401096668716446
test_797.tif,0.06577111829263632
test_798.tif,0.16849291956616108
test_799.tif,0.05508513223281624
test_8.tif,0.296124500463641
test_80.tif,0.07051028562948307
test_800.tif,0.11608111756935453
test_801.tif,0.14097493425288363
test_802.tif,0.13129952990358398
test_803.tif,0.3020924756784668
test_804.tif,0.10851399990300195
test_805.tif,0.1990965669870544
test_806.tif,0.0905690653160531
test_807.tif,0.4451340080361225
test_808.tif,0.1693302164070739
test_809.tif,0.3253045465065728
test_81.tif,0.09769602903642233
test_810.tif,0.35860628158713226
test_811.tif,0.07973703775760041
test_812.tif,0.14225176798197706
test_813.tif,0.11493443821684587
test_814.tif,0.038116260488335704
test_815.tif,0.1126410940755907
test_816.tif,0.8191037507397765
test_817.tif,0.09483730843994895
test_818.tif,0.3642424168585081
test_819.tif,0.21759856298456526
test_82.tif,0.09012958940084564
test_820.tif,0.07192759595640301
test_821.tif,0.33350903282284605
test_822.tif,0.09136679519335432
test_823.tif,0.10238256974683498
test_824.tif,0.10502581727499054
test_825.tif,0.08067946618280115
test_826.tif,0.2961588658438534
test_827.tif,0.04238035607596924
test_828.tif,0.264770999658265
test_829.tif,0.10655948930094754
test_83.tif,0.17441547709454203
test_830.tif,0.5907529902307019
test_831.tif,0.18553591060005864
test_832.tif,0.20786336684957302
test_833.tif,1.1262804444184036
test_834.tif,0.16418678349393484
test_835.tif,0.21282045163304225
test_836.tif,0.05357250497574391
test_837.tif,0.2636996467318022
test_838.tif,0.04331575422998618
test_839.tif,0.6260676743522049
test_84.tif,0.11708261693012698
test_840.tif,0.06580491858959803
test_841.tif,0.08111914877894048
test_842.tif,0.06380128209482047
test_843.tif,0.5805923546359664
test_844.tif,0.9985457232239929
test_845.tif,0.049935656174189595
test_846.tif,0.4539947788612972
test_847.tif,0.04460824249354426
test_848.tif,0.03569613250097274
test_849.tif,0.051272989263162226
test_85.tif,0.31739916767112514
test_850.tif,0.6659456709232499
test_851.tif,0.12227726003104779
test_852.tif,0.32096731275600615
test_853.tif,0.3481848643618662
test_854.tif,0.11047409759336696
test_855.tif,0.5436600527481926
test_856.tif,0.14972962389215166
test_857.tif,0.10398847930045951
test_858.tif,0.19537843688714857
test_859.tif,0.47374595303119993
test_86.tif,0.8181476383985749
test_860.tif,0.0487722577995199
test_861.tif,0.28448510341804767
test_862.tif,0.05613316881960814
test_863.tif,0.18403396260675267
test_864.tif,0.01471871763113447
test_865.tif,0.35883168551900396
test_866.tif,0.19022909407533098
test_867.tif,0.11599273171916541
test_868.tif,0.5931139038449398
test_869.tif,0.08100927468559982
test_87.tif,0.1697860037194395
test_870.tif,0.10568080767029692
test_871.tif,0.07512035076481402
test_872.tif,0.06665556369288457
test_873.tif,0.09084765660917854
test_874.tif,1.0493222189181997
test_875.tif,0.12861630194487328
test_876.tif,0.3081497349493468
test_877.tif,0.18634454853974083
test_878.tif,0.09424477564949955
test_879.tif,0.08806996767491929
test_88.tif,0.17998117937580607
test_880.tif,0.11575748932881705
test_881.tif,0.21848793074952796
test_882.tif,0.12896142478309475
test_883.tif,0.4892904185712913
test_884.tif,0.10424604792822725
test_885.tif,0.1602932396510435
test_886.tif,0.2112746540071565
test_887.tif,0.4122341432900397
test_888.tif,0.1075439412926498
test_889.tif,0.0925798256309518
test_89.tif,0.29436113451750295
test_890.tif,0.27146808768649655
test_891.tif,0.6129918875621139
test_892.tif,0.04651703475317491
test_893.tif,0.08307930779908378
test_894.tif,0.12592106413716125
test_895.tif,0.09042598936384431
test_896.tif,0.17040938682659817
test_897.tif,0.0978869183473258
test_898.tif,0.12332518597220071
test_899.tif,0.8619441706434334
test_9.tif,0.2111844511332118
test_90.tif,0.21545200656417923
test_900.tif,0.3340082183636004
test_901.tif,0.16831033272629944
test_902.tif,0.14531033325497603
test_903.tif,0.050991233262708616
test_904.tif,0.1462414361348929
test_905.tif,0.3189016569101358
test_906.tif,0.047017543039239156
test_907.tif,0.3055192473847501
test_908.tif,0.07674696944507815
test_909.tif,0.41097780084875857
test_91.tif,0.30578019903909903
test_910.tif,0.32061070589582275
test_911.tif,0.08637203808375314
test_912.tif,0.375383415119096
test_913.tif,0.20951712548410817
test_914.tif,0.12197953769966163
test_915.tif,0.0864704236581257
test_916.tif,0.08070938061635191
test_917.tif,0.07368631710087961
test_918.tif,0.12980491387259188
test_919.tif,0.09727622079615149
test_92.tif,0.44708391147894155
test_920.tif,0.3934570315443414
test_921.tif,0.1630584162401937
test_922.tif,0.07543130329037007
test_923.tif,0.045455240845877536
test_924.tif,0.0774193815809954
test_925.tif,0.06300349993199784
test_926.tif,0.21743045123947305
test_927.tif,0.11257462952021116
test_928.tif,0.0838260976537556
test_929.tif,0.07339518232230408
test_93.tif,0.12078489018734412
test_930.tif,0.11247598908282992
test_931.tif,0.050035368459765014
test_932.tif,0.0943383291297661
test_933.tif,0.09728865296285408
test_934.tif,0.13582748676049342
test_935.tif,0.15764164998513272
test_936.tif,0.07268933725952932
test_937.tif,0.09711303813009602
test_938.tif,0.3695560826308354
test_939.tif,0.31319216598710925
test_94.tif,0.3389329428886413
test_940.tif,0.0402269625814054
test_941.tif,0.238940543137141
test_942.tif,0.36865319224812076
test_943.tif,0.09730481540326681
test_944.tif,0.18069053236596966
test_945.tif,0.056187415722670365
test_946.tif,0.5542737856052223
test_947.tif,0.5448211112709161
test_948.tif,0.4112458510711272
test_949.tif,0.7400444074966795
test_95.tif,0.14154593966757742
test_950.tif,0.17346033084126455
test_951.tif,0.06849161662599659
test_952.tif,0.19239815477443353
test_953.tif,0.18457542107695152
test_954.tif,0.2971461392731634
test_955.tif,0.11998343969705075
test_956.tif,0.2034984667915114
test_957.tif,0.7312276246068711
test_958.tif,0.04073275919224045
test_959.tif,0.10214484982437722
test_96.tif,0.11631066146847721
test_960.tif,0.754360539629678
test_961.tif,0.12315589488073189
test_962.tif,0.06264608784785108
test_963.tif,0.2563633869809732
test_964.tif,0.2079231101872695
test_965.tif,0.20670665037578345
test_966.tif,0.10068177275131221
test_967.tif,1.1947781202663654
test_968.tif,0.05126812247372339
test_969.tif,0.09577947835516193
test_97.tif,0.041725428459640355
test_970.tif,0.0607803004455575
test_971.tif,0.060676501675916004
test_972.tif,0.11015164271839156
test_973.tif,0.10375187715106085
test_974.tif,0.06816344439508999
test_975.tif,0.0659849109988185
test_976.tif,0.5057863386043987
test_977.tif,0.08880697759630797
test_978.tif,0.3186216444170582
test_979.tif,0.20047882918982873
test_98.tif,0.21147726811595446
test_980.tif,0.10551288266842264
test_981.tif,0.2998416724270072
test_982.tif,0.05843151794259316
test_983.tif,0.5077636574127139
test_984.tif,0.14025382557306754
test_985.tif,0.1431570393427771
test_986.tif,0.03984995772054696
test_987.tif,0.08259871144140199
test_988.tif,0.18230969459504917
test_989.tif,0.12933941723784542
test_99.tif,0.20054502035958754
test_990.tif,0.21823552122352433
test_991.tif,0.155778984329998
test_992.tif,0.3124202087340027
test_993.tif,0.2462168189281534
test_994.tif,0.264919799972968
test_995.tif,0.06293013115949425
test_996.tif,0.05029487683797177
test_997.tif,0.21331137901561903
test_998.tif,0.28703493214921294
test_999.tif,0.0999361421363709
